{"min": [-0.430984, -0.831057, -0.428958], "max": [0.451501, 0.836631, 0.49949]}