{"min": [-0.780948, -0.598337, -0.330142], "max": [0.788405, 0.657146, 0.336834]}